{
  "accuracy": 0.9738666666666667,
  "precision": 0.28313253012048195,
  "recall": 0.8011363636363636,
  "f1": 0.41839762611275966,
  "auc_roc": 0.9855553264362459,
  "training_samples": 120000,
  "test_samples": 30000,
  "fraud_rate": 0.01172,
  "model_type": "XGBoost",
  "data_mode": "Synthetic (Demo)",
  "confusion_matrix": {
    "tn": 28934,
    "fp": 714,
    "fn": 70,
    "tp": 282
  },
  "roc_curve": {
    "fpr": [
      0.0,
      0.0,
      0.0,
      0.0019225580140313006,
      0.004755801403130059,
      0.01119805720453319,
      0.012850782514840798,
      0.023542903399892068,
      0.026544792228818132,
      0.03750674581759309,
      0.04229627630868861,
      0.047085806799784136,
      0.05143685914732866,
      0.0552482460874258,
      0.0595318402590394,
      0.06543443065299515,
      0.07029141932002159,
      0.07784673502428495,
      0.08847139773340529,
      0.0941378845116028,
      0.09912978953049109,
      0.10860766324878575,
      0.11133971937398812,
      0.145541014570966,
      0.16776848354020507,
      0.19242444684295737,
      0.22918915272531032,
      0.24450215866162978,
      0.2511467889908257,
      0.25745412844036697,
      0.27094576362655154,
      0.2811994063680518,
      0.2969508904479223,
      0.32015650296815973,
      0.33337830545062064,
      0.3495682676740421,
      0.3528062601187264,
      0.38913248785752835,
      0.41082029141932,
      0.42974230976794386,
      0.44653939557474365,
      0.4499123043712898,
      0.46303291958985426,
      0.47382622773880195,
      0.49618861305990286,
      0.5027995143011333,
      0.5110631408526713,
      0.5202374527792768,
      0.541587965461414,
      0.5667498650836481,
      0.5753845116028062,
      0.5833108472746897,
      0.5993321640582838,
      0.6106651376146789,
      0.6144090663788451,
      0.6229087965461414,
      0.6515785213167836,
      0.659943335132218,
      0.6723219104155423,
      0.6740420939017809,
      0.6776173772261198,
      0.6788316243928764,
      0.69188478143551,
      0.6944819212088506,
      0.703217754991905,
      0.7090866162978953,
      0.7148205612520238,
      0.7181260118726389,
      0.7257825148407987,
      0.7370143011332974,
      0.7435914732865623,
      0.7475377765785213,
      0.7589044792228818,
      0.7617039935240151,
      0.7663586076632488,
      0.7744198596869941,
      0.7838977334052887,
      0.7961413923367512,
      0.8000202374527793,
      0.804168915272531,
      0.8259579060982191,
      0.833479492714517,
      0.8539193200215867,
      0.8627226119805721,
      0.8689962223421479,
      0.8765852671343767,
      0.8855572045331894,
      0.893787101996762,
      0.9023880194279547,
      0.9045466810577442,
      0.9092687533729088,
      0.9180720453318942,
      0.9226929303831625,
      0.9270102536427415,
      0.9351052347544523,
      0.9382757690232056,
      0.9467417701025365,
      0.958412034538586,
      0.9667093901780895,
      0.9718362115488397,
      0.9789867781975176,
      0.9826969778737183,
      0.9911629789530491
    ],
    "tpr": [
      0.0,
      0.056818181818181816,
      0.1903409090909091,
      0.7471590909090909,
      0.7613636363636364,
      0.7698863636363636,
      0.7840909090909091,
      0.7954545454545454,
      0.8125,
      0.8238636363636364,
      0.8380681818181818,
      0.8494318181818182,
      0.8636363636363636,
      0.875,
      0.8892045454545454,
      0.9005681818181818,
      0.9147727272727273,
      0.9232954545454546,
      0.9375,
      0.9488636363636364,
      0.9630681818181818,
      0.9744318181818182,
      0.9886363636363636,
      1.0,
      1.0,
      1.0,
      1.0,
      1.0,
      1.0,
      1.0,
      1.0,
      1.0,
      1.0,
      1.0,
      1.0,
      1.0,
      1.0,
      1.0,
      1.0,
      1.0,
      1.0,
      1.0,
      1.0,
      1.0,
      1.0,
      1.0,
      1.0,
      1.0,
      1.0,
      1.0,
      1.0,
      1.0,
      1.0,
      1.0,
      1.0,
      1.0,
      1.0,
      1.0,
      1.0,
      1.0,
      1.0,
      1.0,
      1.0,
      1.0,
      1.0,
      1.0,
      1.0,
      1.0,
      1.0,
      1.0,
      1.0,
      1.0,
      1.0,
      1.0,
      1.0,
      1.0,
      1.0,
      1.0,
      1.0,
      1.0,
      1.0,
      1.0,
      1.0,
      1.0,
      1.0,
      1.0,
      1.0,
      1.0,
      1.0,
      1.0,
      1.0,
      1.0,
      1.0,
      1.0,
      1.0,
      1.0,
      1.0,
      1.0,
      1.0,
      1.0,
      1.0,
      1.0,
      1.0
    ]
  }
}